<T3DataStructure>
	<sheets>
		<sDEF>
			<ROOT>
				<TCEforms>
					<sheetTitle>Function</sheetTitle>
				</TCEforms>
				<type>array</type>
				<el>
					<switchableControllerActions>
						<TCEforms>
							<label>Select function</label>
							<config>
								<type>select</type>
								<items>
									<numIndex index="0">
										<numIndex index="0">Show Company</numIndex>
										<numIndex index="1">Company-&gt;show</numIndex>
									</numIndex>
								</items>
							</config>
						</TCEforms>
					</switchableControllerActions>
				</el>
			</ROOT>
		</sDEF>
	</sheets>
</T3DataStructure>